{"T": {"politics": {"biden": 595.5106948501757, "transition": 318.75796245424027, "to": 295.5016524286869, "gsa": 240.2765804955394, "begin": 234.85838492916648, "first": 199.3461904362068, "tells": 196.77324142713948, "formally": 193.672125049342, "on": 180.55669351363778, "can": 170.80792348793508}, "conservatives": {"biden": 36.709563381175215, "a": 33.94211653872299, "has": 29.501058494804173, "commander": 26.737419823398106, "plan": 21.046059868740464, "national": 19.200502951469765, "should": 19.120498210223282, "new": 18.011257133705023, "xavier": 17.824946548932072, "becerra": 17.824946548932072}}, "D": {"politics": {"to": 149.41094785720122, "trump": 141.47557820175547, "biden": 118.28637089489791, "the": 92.1684618113097, "s": 78.45473489157894, "a": 55.155939375424865, "climate": 48.765941877875065, "and": 48.17861159444059, "of": 46.6368260668793, "it": 45.44281778278252}, "conservatives": {"biden": 85.65564788940884, "trump": 76.17915749325294, "to": 69.72510900002725, "for": 67.93431136558883, "on": 63.19484272977323, "tax": 56.96571044190385, "student": 42.724282831427885, "americans": 40.517934150675984, "is": 37.46567515475652, "delivers": 32.87730437562436}}, "AT": {"politics": {"trump": 591.2953653047729, "s": 379.19788530929816, "the": 241.05597704496384, "to": 239.05751657152197, "a": 220.62375750169946, "and": 140.15596100200898, "team": 135.33087709604825, "of": 132.13767385615802, "legal": 128.4073624512472, "is": 121.76344425295868}, "conservatives": {"trump": 123.33768356050477, "to": 69.72510900002725, "rallies": 53.29233203235043, "s": 52.30315659438595, "dictator": 49.31595656343654, "compares": 48.391052484473, "interview": 46.88316591478756, "supporters": 46.26921727030394, "for": 42.458944603493016, "at": 42.1547106159891}}, "AB": {"politics": {"s": 17.434385531461984, "a": 16.971058269361496, "biden": 16.31536150274454, "joe": 11.553958117073774, "be": 10.978593972170211, "to": 9.960729857146749, "in": 7.7815762883663915, "the": 7.089881677793054}, "conservatives": {"biden": 110.12869014352565, "trump": 101.57220999100393, "s": 82.81333127444442, "on": 63.19484272977323, "the": 60.26399426124096, "supporters": 59.488993633247915, "in": 54.47103401856474, "and": 48.17861159444059, "media": 47.605140420701815, "joe": 46.2158324682951}}, "C": {"politics": {"trump": 185.00652534075718, "s": 87.17192765730992, "of": 81.61444561703878, "the": 74.44375761682707, "to": 73.04535228574282, "in": 62.25261030693113, "biden": 61.18260563529203, "and": 56.938359157066145, "donald": 33.21894866573836, "are": 32.31667649909925}, "conservatives": {"trump": 83.43431534975323, "s": 74.09613850871344, "the": 42.539290066758326, "and": 39.418864031815026, "for": 38.21305014314372, "biden": 36.709563381175215, "about": 36.594375346236006, "to": 36.52267614287141, "joe": 34.66187435122132, "it": 34.08211333708689}}, "E": {"politics": {"trump": 529.6265235245205, "s": 488.16279488093556, "michigan": 348.21007757404266, "biden": 346.7014319333215, "election": 312.2753328952573, "to": 265.6194628572466, "win": 239.69485973705903, "certifies": 234.861959146225, "in": 190.6486190649766, "board": 190.165480595798}, "conservatives": {"trump": 239.42020926450928, "in": 151.74073762314464, "votes": 108.52236168927149, "the": 102.80328432799928, "on": 94.79226409465984, "election": 85.55488572472802, "biden": 81.5768075137227, "to": 76.3655955714584, "a": 72.12699764478636, "georgia": 70.67286960019992}}, "IR": {"politics": {"trump": 112.45494677575435, "s": 100.2477168059064, "to": 99.60729857146748, "biden": 89.73448826509497, "the": 70.89881677793053, "g": 58.81153355490032, "in": 58.361822162747934, "for": 46.704839063842314, "leaders": 41.25354808322998, "on": 40.6252560405685}, "conservatives": {"chinese": 69.3765042312609, "biden": 69.3402863866643, "china": 65.1464715680493, "beijing": 48.391052484473, "with": 46.644946432486606, "report": 45.39307526962589, "trump": 43.53094713900168, "of": 42.75042389463936, "were": 40.998190396717206, "government": 40.517934150675984}}, "O": {"politics": {"lara": 18.635876765148403, "run": 16.43865218781218, "reportedly": 16.130350828157667, "senate": 12.695047834009, "trump": 10.88273678475042}, "conservatives": {}}}